--
-- PostgreSQL database dump
--

-- \restrict Pg1zuY8l88DpnDzucm4BnB8ayQuu97SXyYu1yiSvqIg3C8NdiSv5ew1CjXvqMbD

-- Dumped from database version 18.3
-- Dumped by pg_dump version 18.3

SET statement_timeout = 0;
SET lock_timeout = 0;
SET idle_in_transaction_session_timeout = 0;
SET transaction_timeout = 0;
SET client_encoding = 'UTF8';
SET standard_conforming_strings = on;
SELECT pg_catalog.set_config('search_path', '', false);
SET check_function_bodies = false;
SET xmloption = content;
SET client_min_messages = warning;
SET row_security = off;

SET default_tablespace = '';

SET default_table_access_method = heap;

--
-- Name: asignatura; Type: TABLE; Schema: public; Owner: postgres
--

CREATE TABLE public.asignatura (
    id_asignatura integer NOT NULL,
    id_carrera integer NOT NULL,
    nombre_asignatura character varying(100) NOT NULL,
    creditos integer DEFAULT 3,
    horas_semanales numeric(4,2),
    activo boolean DEFAULT true
);


ALTER TABLE public.asignatura OWNER TO postgres;

--
-- Name: asignatura_id_asignatura_seq; Type: SEQUENCE; Schema: public; Owner: postgres
--

ALTER TABLE public.asignatura ALTER COLUMN id_asignatura ADD GENERATED BY DEFAULT AS IDENTITY (
    SEQUENCE NAME public.asignatura_id_asignatura_seq
    START WITH 1
    INCREMENT BY 1
    NO MINVALUE
    NO MAXVALUE
    CACHE 1
);


--
-- Name: asignatura_profesor; Type: TABLE; Schema: public; Owner: postgres
--

CREATE TABLE public.asignatura_profesor (
    id_asignatura_profesor integer NOT NULL,
    id_asignatura integer NOT NULL,
    id_profesor integer NOT NULL,
    fecha_desde date NOT NULL,
    fecha_hasta date,
    activo boolean DEFAULT true
);


ALTER TABLE public.asignatura_profesor OWNER TO postgres;

--
-- Name: asignatura_profesor_id_asignatura_profesor_seq; Type: SEQUENCE; Schema: public; Owner: postgres
--

ALTER TABLE public.asignatura_profesor ALTER COLUMN id_asignatura_profesor ADD GENERATED BY DEFAULT AS IDENTITY (
    SEQUENCE NAME public.asignatura_profesor_id_asignatura_profesor_seq
    START WITH 1
    INCREMENT BY 1
    NO MINVALUE
    NO MAXVALUE
    CACHE 1
);


--
-- Name: asistencia; Type: TABLE; Schema: public; Owner: postgres
--

CREATE TABLE public.asistencia (
    id_asistencia integer NOT NULL,
    id_profesor integer NOT NULL,
    id_horario integer,
    id_qr integer NOT NULL,
    id_coordinador integer,
    fecha_entrada timestamp with time zone DEFAULT now() NOT NULL,
    fecha_salida timestamp with time zone,
    CONSTRAINT check_fechas CHECK ((fecha_salida IS NULL OR (fecha_salida >= fecha_entrada)))
);


ALTER TABLE public.asistencia OWNER TO postgres;

--
-- Name: asistencia_id_asistencia_seq; Type: SEQUENCE; Schema: public; Owner: postgres
--

ALTER TABLE public.asistencia ALTER COLUMN id_asistencia ADD GENERATED BY DEFAULT AS IDENTITY (
    SEQUENCE NAME public.asistencia_id_asistencia_seq
    START WITH 1
    INCREMENT BY 1
    NO MINVALUE
    NO MAXVALUE
    CACHE 1
);


--
-- Name: carrera; Type: TABLE; Schema: public; Owner: postgres
--

CREATE TABLE public.carrera (
    id_carrera integer NOT NULL,
    nombre_carrera character varying(100) NOT NULL,
    activo boolean DEFAULT true
);


ALTER TABLE public.carrera OWNER TO postgres;

--
-- Name: carrera_id_carrera_seq; Type: SEQUENCE; Schema: public; Owner: postgres
--

ALTER TABLE public.carrera ALTER COLUMN id_carrera ADD GENERATED BY DEFAULT AS IDENTITY (
    SEQUENCE NAME public.carrera_id_carrera_seq
    START WITH 1
    INCREMENT BY 1
    NO MINVALUE
    NO MAXVALUE
    CACHE 1
);


--
-- Name: coordinador; Type: TABLE; Schema: public; Owner: postgres
--

CREATE TABLE public.coordinador (
    id_coordinador integer NOT NULL,
    id_usuario_rol integer NOT NULL,
    id_carrera integer NOT NULL,
    fecha_desde date NOT NULL,
    fecha_hasta date,
    activo boolean DEFAULT true
);


ALTER TABLE public.coordinador OWNER TO postgres;

--
-- Name: coordinador_id_coordinador_seq; Type: SEQUENCE; Schema: public; Owner: postgres
--

ALTER TABLE public.coordinador ALTER COLUMN id_coordinador ADD GENERATED BY DEFAULT AS IDENTITY (
    SEQUENCE NAME public.coordinador_id_coordinador_seq
    START WITH 1
    INCREMENT BY 1
    NO MINVALUE
    NO MAXVALUE
    CACHE 1
);



--
-- Name: horario; Type: TABLE; Schema: public; Owner: postgres
--

CREATE TABLE public.horario (
    id_horario integer NOT NULL,
    id_asignatura_profesor integer NOT NULL,
    dia_semana character varying(10) NOT NULL,
    hora_inicio time without time zone NOT NULL,
    hora_fin time without time zone NOT NULL,
    activo boolean DEFAULT true,
    aula character varying(50)
);


ALTER TABLE public.horario OWNER TO postgres;

--
-- Name: horario_id_horario_seq; Type: SEQUENCE; Schema: public; Owner: postgres
--

ALTER TABLE public.horario ALTER COLUMN id_horario ADD GENERATED BY DEFAULT AS IDENTITY (
    SEQUENCE NAME public.horario_id_horario_seq
    START WITH 1
    INCREMENT BY 1
    NO MINVALUE
    NO MAXVALUE
    CACHE 1
);


--
-- Name: horas; Type: TABLE; Schema: public; Owner: postgres
--

CREATE TABLE public.horas (
    id_horas integer NOT NULL,
    id_profesor_carrera integer NOT NULL,
    id_periodo integer NOT NULL,
    horas_contratadas numeric(5,2) NOT NULL,
    horas_dictadas numeric(5,2) DEFAULT 0,
    horas_justificadas numeric(5,2) DEFAULT 0,
    horas_restantes numeric(5,2) NOT NULL,
    observaciones character varying(200)
);


ALTER TABLE public.horas OWNER TO postgres;

--
-- Name: horas_id_horas_seq; Type: SEQUENCE; Schema: public; Owner: postgres
--

ALTER TABLE public.horas ALTER COLUMN id_horas ADD GENERATED BY DEFAULT AS IDENTITY (
    SEQUENCE NAME public.horas_id_horas_seq
    START WITH 1
    INCREMENT BY 1
    NO MINVALUE
    NO MAXVALUE
    CACHE 1
);


--
-- Name: justificativo; Type: TABLE; Schema: public; Owner: postgres
--

CREATE TABLE public.justificativo (
    id_justificativo integer NOT NULL,
    id_asistencia integer NOT NULL,
    motivo character varying(200) NOT NULL,
    estado character varying(20) NOT NULL,
    documento_url character varying(500),
    fecha_solicitud timestamp with time zone DEFAULT now(),
    fecha_respuesta timestamp with time zone,
    observaciones_coordinador text
);


ALTER TABLE public.justificativo OWNER TO postgres;

--
-- Name: justificativo_id_justificativo_seq; Type: SEQUENCE; Schema: public; Owner: postgres
--

ALTER TABLE public.justificativo ALTER COLUMN id_justificativo ADD GENERATED BY DEFAULT AS IDENTITY (
    SEQUENCE NAME public.justificativo_id_justificativo_seq
    START WITH 1
    INCREMENT BY 1
    NO MINVALUE
    NO MAXVALUE
    CACHE 1
);


--
-- Name: periodo; Type: TABLE; Schema: public; Owner: postgres
--

CREATE TABLE public.periodo (
    id_periodo integer NOT NULL,
    nombre_periodo character varying(20) NOT NULL,
    fecha_inicio date NOT NULL,
    fecha_fin date NOT NULL,
    activo boolean DEFAULT true
);


ALTER TABLE public.periodo OWNER TO postgres;

--
-- Name: periodo_id_periodo_seq; Type: SEQUENCE; Schema: public; Owner: postgres
--

ALTER TABLE public.periodo ALTER COLUMN id_periodo ADD GENERATED BY DEFAULT AS IDENTITY (
    SEQUENCE NAME public.periodo_id_periodo_seq
    START WITH 1
    INCREMENT BY 1
    NO MINVALUE
    NO MAXVALUE
    CACHE 1
);


--
-- Name: profesor; Type: TABLE; Schema: public; Owner: postgres
--

CREATE TABLE public.profesor (
    id_profesor integer NOT NULL,
    id_usuario_rol integer NOT NULL,
    fecha_ingreso date NOT NULL,
    activo boolean DEFAULT true
);


ALTER TABLE public.profesor OWNER TO postgres;

--
-- Name: profesor_carrera; Type: TABLE; Schema: public; Owner: postgres
--

CREATE TABLE public.profesor_carrera (
    id_profesor_carrera integer NOT NULL,
    id_profesor integer NOT NULL,
    id_carrera integer NOT NULL,
    dedicacion character varying(20) NOT NULL,
    fecha_desde date NOT NULL,
    fecha_hasta date,
    activo boolean DEFAULT true
);


ALTER TABLE public.profesor_carrera OWNER TO postgres;

--
-- Name: profesor_carrera_id_profesor_carrera_seq; Type: SEQUENCE; Schema: public; Owner: postgres
--

ALTER TABLE public.profesor_carrera ALTER COLUMN id_profesor_carrera ADD GENERATED BY DEFAULT AS IDENTITY (
    SEQUENCE NAME public.profesor_carrera_id_profesor_carrera_seq
    START WITH 1
    INCREMENT BY 1
    NO MINVALUE
    NO MAXVALUE
    CACHE 1
);


--
-- Name: profesor_id_profesor_seq; Type: SEQUENCE; Schema: public; Owner: postgres
--

ALTER TABLE public.profesor ALTER COLUMN id_profesor ADD GENERATED BY DEFAULT AS IDENTITY (
    SEQUENCE NAME public.profesor_id_profesor_seq
    START WITH 1
    INCREMENT BY 1
    NO MINVALUE
    NO MAXVALUE
    CACHE 1
);


--
-- Name: qr; Type: TABLE; Schema: public; Owner: postgres
--

CREATE TABLE public.qr (
    id_qr integer NOT NULL,
    id_coordinador integer,
    codigo_qr character varying(100) NOT NULL,
    fecha_creacion timestamp without time zone NOT NULL,
    activo boolean DEFAULT true,
    descripcion character varying(200),
    id_profesor integer,
    ubicacion character varying(100)
);


ALTER TABLE public.qr OWNER TO postgres;

--
-- Name: qr_id_qr_seq; Type: SEQUENCE; Schema: public; Owner: postgres
--

ALTER TABLE public.qr ALTER COLUMN id_qr ADD GENERATED BY DEFAULT AS IDENTITY (
    SEQUENCE NAME public.qr_id_qr_seq
    START WITH 1
    INCREMENT BY 1
    NO MINVALUE
    NO MAXVALUE
    CACHE 1
);


--
-- Name: rol; Type: TABLE; Schema: public; Owner: postgres
--

CREATE TABLE public.rol (
    id_rol integer NOT NULL,
    nombre_rol character varying(50) NOT NULL,
    descripcion character varying(200),
    activo boolean DEFAULT true
);


ALTER TABLE public.rol OWNER TO postgres;

--
-- Name: rol_id_rol_seq; Type: SEQUENCE; Schema: public; Owner: postgres
--

ALTER TABLE public.rol ALTER COLUMN id_rol ADD GENERATED BY DEFAULT AS IDENTITY (
    SEQUENCE NAME public.rol_id_rol_seq
    START WITH 1
    INCREMENT BY 1
    NO MINVALUE
    NO MAXVALUE
    CACHE 1
);


--
-- Name: usuario; Type: TABLE; Schema: public; Owner: postgres
--

CREATE TABLE public.usuario (
    id_usuario integer NOT NULL,
    nombre character varying(100) NOT NULL,
    apellido character varying(100) NOT NULL,
    cedula character varying(20) NOT NULL,
    correo character varying(100) NOT NULL,
    telefono character varying(20),
    activo boolean DEFAULT true,
    contrasena character varying(255),
    email_verificado boolean DEFAULT false,
    codigo_verificacion character varying(100),
    codigo_recuperacion character varying(100),
    session_token text,
    session_token_app text,
    created_at timestamp with time zone DEFAULT now(),
    updated_at timestamp with time zone DEFAULT now(),
    CONSTRAINT usuario_cedula_key UNIQUE (cedula),
    CONSTRAINT usuario_correo_key UNIQUE (correo)
);


ALTER TABLE public.usuario OWNER TO postgres;

--
-- Name: usuario_id_usuario_seq; Type: SEQUENCE; Schema: public; Owner: postgres
--

ALTER TABLE public.usuario ALTER COLUMN id_usuario ADD GENERATED BY DEFAULT AS IDENTITY (
    SEQUENCE NAME public.usuario_id_usuario_seq
    START WITH 1
    INCREMENT BY 1
    NO MINVALUE
    NO MAXVALUE
    CACHE 1
);


--
-- Name: usuario_rol; Type: TABLE; Schema: public; Owner: postgres
--

CREATE TABLE public.usuario_rol (
    id_usuario_rol integer NOT NULL,
    id_usuario integer NOT NULL,
    id_rol integer NOT NULL,
    fecha_desde date NOT NULL,
    fecha_hasta date,
    activo boolean DEFAULT true
);


ALTER TABLE public.usuario_rol OWNER TO postgres;

--
-- Name: usuario_rol_id_usuario_rol_seq; Type: SEQUENCE; Schema: public; Owner: postgres
--

ALTER TABLE public.usuario_rol ALTER COLUMN id_usuario_rol ADD GENERATED BY DEFAULT AS IDENTITY (
    SEQUENCE NAME public.usuario_rol_id_usuario_rol_seq
    START WITH 1
    INCREMENT BY 1
    NO MINVALUE
    NO MAXVALUE
    CACHE 1
);


--
-- Data for Name: asignatura; Type: TABLE DATA; Schema: public; Owner: postgres
--

COPY public.asignatura (id_asignatura, id_carrera, nombre_asignatura, creditos, horas_semanales, activo) FROM stdin;
1	2	Castellano	3	\N	t
3	1	Matematica I	3	\N	t
4	1	Programacion I	4	\N	t
6	1	Ingles	2	\N	t
5	1	Base de Datos	3	\N	t
2	2	Programacion II	3	\N	t
\.


--
-- Data for Name: asignatura_profesor; Type: TABLE DATA; Schema: public; Owner: postgres
--

COPY public.asignatura_profesor (id_asignatura_profesor, id_asignatura, id_profesor, fecha_desde, fecha_hasta, activo) FROM stdin;
1	1	2	2026-04-12	\N	t
2	2	2	2026-04-13	\N	t
\.


--
-- Data for Name: asistencia; Type: TABLE DATA; Schema: public; Owner: postgres
--

COPY public.asistencia (id_asistencia, id_profesor, id_horario, id_qr, id_coordinador, fecha_entrada, fecha_salida) FROM stdin;
\.


--
-- Data for Name: carrera; Type: TABLE DATA; Schema: public; Owner: postgres
--

COPY public.carrera (id_carrera, nombre_carrera, activo) FROM stdin;
1	electronica	f
2	Informatica	t
3	Electronica	t
4	Administración 	t
5	Contaduría 	t
\.


--
-- Data for Name: coordinador; Type: TABLE DATA; Schema: public; Owner: postgres
--

COPY public.coordinador (id_coordinador, id_usuario_rol, id_carrera, fecha_desde, fecha_hasta, activo) FROM stdin;
3	3	1	2026-04-12	\N	t
\.


--

--
-- Data for Name: horario; Type: TABLE DATA; Schema: public; Owner: postgres
--

COPY public.horario (id_horario, id_asignatura_profesor, dia_semana, hora_inicio, hora_fin, activo, aula) FROM stdin;
3	1	Martes	03:45:00	05:00:00	t	A-35
\.


--
-- Data for Name: horas; Type: TABLE DATA; Schema: public; Owner: postgres
--

COPY public.horas (id_horas, id_profesor_carrera, id_periodo, horas_contratadas, horas_dictadas, horas_justificadas, horas_restantes, observaciones) FROM stdin;
\.


--
-- Data for Name: justificativo; Type: TABLE DATA; Schema: public; Owner: postgres
--

COPY public.justificativo (id_justificativo, id_asistencia, motivo, estado, documento_url, fecha_solicitud, fecha_respuesta, observaciones_coordinador) FROM stdin;
\.


--
-- Data for Name: periodo; Type: TABLE DATA; Schema: public; Owner: postgres
--

COPY public.periodo (id_periodo, nombre_periodo, fecha_inicio, fecha_fin, activo) FROM stdin;
\.


--
-- Data for Name: profesor; Type: TABLE DATA; Schema: public; Owner: postgres
--

COPY public.profesor (id_profesor, id_usuario_rol, fecha_ingreso, activo) FROM stdin;
2	2	2026-04-12	t
\.


--
-- Data for Name: profesor_carrera; Type: TABLE DATA; Schema: public; Owner: postgres
--

COPY public.profesor_carrera (id_profesor_carrera, id_profesor, id_carrera, dedicacion, fecha_desde, fecha_hasta, activo) FROM stdin;
1	2	2	TIEMPO_COMPLETO	2026-04-12	\N	t
\.


--
-- Data for Name: qr; Type: TABLE DATA; Schema: public; Owner: postgres
--

COPY public.qr (id_qr, id_coordinador, codigo_qr, fecha_creacion, activo, descripcion, id_profesor, ubicacion) FROM stdin;
3	\N	profesor_2_1776039672704	2026-04-12 20:21:12.704977	t	\N	2	\N
4	3	QR_1776043548684_ek0181uv	2026-04-12 21:25:48.736638	t	Coordinacion de informatica	\N	Laboratorio 5
5	3	QR_1776043728928_v5jkj5xx	2026-04-12 21:28:48.987242	t	Entrada del Instituto	\N	Entrada Principal
\.


--
-- Data for Name: rol; Type: TABLE DATA; Schema: public; Owner: postgres
--

COPY public.rol (id_rol, nombre_rol, descripcion, activo) FROM stdin;
1	profesor	\N	t
2	coordinador	\N	t
3	auditor	Auditor del sistema	t
\.


--
-- Data for Name: usuario; Type: TABLE DATA; Schema: public; Owner: postgres
--

COPY public.usuario (id_usuario, nombre, apellido, cedula, correo, telefono, activo, contrasena) FROM stdin;
2	Cesar	Nucete	123456	cesar.nucete123@gmail.com	1234567	t	$2a$10$yV1pI8KBA9l7uQz/UiVR4.jaHxgXQME6VBUHB/lvVX5J334R.skym
3	Juan	Coordinador	88888888	coordinador@iujo.com	04121234567	t	$2a$10$QD2UdNWqkHqZk0oP31esIuxtyyGufgPklcJIxxpUApLH7wKhuSFBK
4	Admin	Auditor	V-00000000	auditor@iujo.edu	0000	t	$2a$10$QD2UdNWqkHqZk0oP31esIuxtyyGufgPklcJIxxpUApLH7wKhuSFBK
\.


--
-- Data for Name: usuario_rol; Type: TABLE DATA; Schema: public; Owner: postgres
--

COPY public.usuario_rol (id_usuario_rol, id_usuario, id_rol, fecha_desde, fecha_hasta, activo) FROM stdin;
2	2	1	2026-04-12	\N	t
3	3	2	2026-04-12	\N	t
4	4	3	2026-04-18	\N	t
\.


--
-- Name: asignatura_id_asignatura_seq; Type: SEQUENCE SET; Schema: public; Owner: postgres
--

SELECT pg_catalog.setval('public.asignatura_id_asignatura_seq', 6, true);


--
-- Name: asignatura_profesor_id_asignatura_profesor_seq; Type: SEQUENCE SET; Schema: public; Owner: postgres
--

SELECT pg_catalog.setval('public.asignatura_profesor_id_asignatura_profesor_seq', 2, true);


--
-- Name: asistencia_id_asistencia_seq; Type: SEQUENCE SET; Schema: public; Owner: postgres
--

SELECT pg_catalog.setval('public.asistencia_id_asistencia_seq', 1, false);


--
-- Name: carrera_id_carrera_seq; Type: SEQUENCE SET; Schema: public; Owner: postgres
--

SELECT pg_catalog.setval('public.carrera_id_carrera_seq', 5, true);


--
-- Name: coordinador_id_coordinador_seq; Type: SEQUENCE SET; Schema: public; Owner: postgres
--

SELECT pg_catalog.setval('public.coordinador_id_coordinador_seq', 1, false);



--
-- Name: horario_id_horario_seq; Type: SEQUENCE SET; Schema: public; Owner: postgres
--

SELECT pg_catalog.setval('public.horario_id_horario_seq', 3, true);


--
-- Name: horas_id_horas_seq; Type: SEQUENCE SET; Schema: public; Owner: postgres
--

SELECT pg_catalog.setval('public.horas_id_horas_seq', 1, false);


--
-- Name: justificativo_id_justificativo_seq; Type: SEQUENCE SET; Schema: public; Owner: postgres
--

SELECT pg_catalog.setval('public.justificativo_id_justificativo_seq', 1, false);


--
-- Name: periodo_id_periodo_seq; Type: SEQUENCE SET; Schema: public; Owner: postgres
--

SELECT pg_catalog.setval('public.periodo_id_periodo_seq', 1, false);


--
-- Name: profesor_carrera_id_profesor_carrera_seq; Type: SEQUENCE SET; Schema: public; Owner: postgres
--

SELECT pg_catalog.setval('public.profesor_carrera_id_profesor_carrera_seq', 1, true);


--
-- Name: profesor_id_profesor_seq; Type: SEQUENCE SET; Schema: public; Owner: postgres
--

SELECT pg_catalog.setval('public.profesor_id_profesor_seq', 1, false);


--
-- Name: qr_id_qr_seq; Type: SEQUENCE SET; Schema: public; Owner: postgres
--

SELECT pg_catalog.setval('public.qr_id_qr_seq', 5, true);


--
-- Name: rol_id_rol_seq; Type: SEQUENCE SET; Schema: public; Owner: postgres
--

SELECT pg_catalog.setval('public.rol_id_rol_seq', 3, true);


--
-- Name: usuario_id_usuario_seq; Type: SEQUENCE SET; Schema: public; Owner: postgres
--

SELECT pg_catalog.setval('public.usuario_id_usuario_seq', 4, true);


--
-- Name: usuario_rol_id_usuario_rol_seq; Type: SEQUENCE SET; Schema: public; Owner: postgres
--

SELECT pg_catalog.setval('public.usuario_rol_id_usuario_rol_seq', 4, true);


--
-- Name: asignatura asignatura_pkey; Type: CONSTRAINT; Schema: public; Owner: postgres
--

ALTER TABLE ONLY public.asignatura
    ADD CONSTRAINT asignatura_pkey PRIMARY KEY (id_asignatura);


--
-- Name: asignatura_profesor asignatura_profesor_pkey; Type: CONSTRAINT; Schema: public; Owner: postgres
--

ALTER TABLE ONLY public.asignatura_profesor
    ADD CONSTRAINT asignatura_profesor_pkey PRIMARY KEY (id_asignatura_profesor);


--
-- Name: asistencia asistencia_pkey; Type: CONSTRAINT; Schema: public; Owner: postgres
--

ALTER TABLE ONLY public.asistencia
    ADD CONSTRAINT asistencia_pkey PRIMARY KEY (id_asistencia);


--
-- Name: carrera carrera_pkey; Type: CONSTRAINT; Schema: public; Owner: postgres
--

ALTER TABLE ONLY public.carrera
    ADD CONSTRAINT carrera_pkey PRIMARY KEY (id_carrera);


--
-- Name: coordinador coordinador_id_usuario_rol_key; Type: CONSTRAINT; Schema: public; Owner: postgres
--

ALTER TABLE ONLY public.coordinador
    ADD CONSTRAINT coordinador_id_usuario_rol_key UNIQUE (id_usuario_rol);


--
-- Name: coordinador coordinador_pkey; Type: CONSTRAINT; Schema: public; Owner: postgres
--

ALTER TABLE ONLY public.coordinador
    ADD CONSTRAINT coordinador_pkey PRIMARY KEY (id_coordinador);



--
-- Name: horario horario_pkey; Type: CONSTRAINT; Schema: public; Owner: postgres
--

ALTER TABLE ONLY public.horario
    ADD CONSTRAINT horario_pkey PRIMARY KEY (id_horario);


--
-- Name: horas horas_pkey; Type: CONSTRAINT; Schema: public; Owner: postgres
--

ALTER TABLE ONLY public.horas
    ADD CONSTRAINT horas_pkey PRIMARY KEY (id_horas);


--
-- Name: justificativo justificativo_pkey; Type: CONSTRAINT; Schema: public; Owner: postgres
--

ALTER TABLE ONLY public.justificativo
    ADD CONSTRAINT justificativo_pkey PRIMARY KEY (id_justificativo);


--
-- Name: periodo periodo_pkey; Type: CONSTRAINT; Schema: public; Owner: postgres
--

ALTER TABLE ONLY public.periodo
    ADD CONSTRAINT periodo_pkey PRIMARY KEY (id_periodo);


--
-- Name: profesor_carrera profesor_carrera_pkey; Type: CONSTRAINT; Schema: public; Owner: postgres
--

ALTER TABLE ONLY public.profesor_carrera
    ADD CONSTRAINT profesor_carrera_pkey PRIMARY KEY (id_profesor_carrera);


--
-- Name: profesor profesor_id_usuario_rol_key; Type: CONSTRAINT; Schema: public; Owner: postgres
--

ALTER TABLE ONLY public.profesor
    ADD CONSTRAINT profesor_id_usuario_rol_key UNIQUE (id_usuario_rol);


--
-- Name: profesor profesor_pkey; Type: CONSTRAINT; Schema: public; Owner: postgres
--

ALTER TABLE ONLY public.profesor
    ADD CONSTRAINT profesor_pkey PRIMARY KEY (id_profesor);


--
-- Name: qr qr_codigo_qr_key; Type: CONSTRAINT; Schema: public; Owner: postgres
--

ALTER TABLE ONLY public.qr
    ADD CONSTRAINT qr_codigo_qr_key UNIQUE (codigo_qr);


--
-- Name: qr qr_pkey; Type: CONSTRAINT; Schema: public; Owner: postgres
--

ALTER TABLE ONLY public.qr
    ADD CONSTRAINT qr_pkey PRIMARY KEY (id_qr);


--
-- Name: rol rol_pkey; Type: CONSTRAINT; Schema: public; Owner: postgres
--

ALTER TABLE ONLY public.rol
    ADD CONSTRAINT rol_pkey PRIMARY KEY (id_rol);


--
-- Name: usuario usuario_cedula_key; Type: CONSTRAINT; Schema: public; Owner: postgres
--

-- Constraints already defined in CREATE TABLE usuario
-- ALTER TABLE ONLY public.usuario
--    ADD CONSTRAINT usuario_cedula_key UNIQUE (cedula);
-- ALTER TABLE ONLY public.usuario
--    ADD CONSTRAINT usuario_correo_key UNIQUE (correo);


--
-- Name: usuario usuario_pkey; Type: CONSTRAINT; Schema: public; Owner: postgres
--

ALTER TABLE ONLY public.usuario
    ADD CONSTRAINT usuario_pkey PRIMARY KEY (id_usuario);


--
-- Name: usuario_rol usuario_rol_pkey; Type: CONSTRAINT; Schema: public; Owner: postgres
--

ALTER TABLE ONLY public.usuario_rol
    ADD CONSTRAINT usuario_rol_pkey PRIMARY KEY (id_usuario_rol);


--
-- Name: asignatura asignatura_id_carrera_fkey; Type: FK CONSTRAINT; Schema: public; Owner: postgres
--

ALTER TABLE ONLY public.asignatura
    ADD CONSTRAINT asignatura_id_carrera_fkey FOREIGN KEY (id_carrera) REFERENCES public.carrera(id_carrera) ON DELETE CASCADE);


--
-- Name: asignatura_profesor asignatura_profesor_id_asignatura_fkey; Type: FK CONSTRAINT; Schema: public; Owner: postgres
--

ALTER TABLE ONLY public.asignatura_profesor
    ADD CONSTRAINT asignatura_profesor_id_asignatura_fkey FOREIGN KEY (id_asignatura) REFERENCES public.asignatura(id_asignatura) ON DELETE CASCADE;


--
-- Name: asignatura_profesor asignatura_profesor_id_profesor_fkey; Type: FK CONSTRAINT; Schema: public; Owner: postgres
--

ALTER TABLE ONLY public.asignatura_profesor
    ADD CONSTRAINT asignatura_profesor_id_profesor_fkey FOREIGN KEY (id_profesor) REFERENCES public.profesor(id_profesor) ON DELETE CASCADE;


--
-- Name: asistencia asistencia_id_horario_fkey; Type: FK CONSTRAINT; Schema: public; Owner: postgres
--

ALTER TABLE ONLY public.asistencia
    ADD CONSTRAINT asistencia_id_horario_fkey FOREIGN KEY (id_horario) REFERENCES public.horario(id_horario) ON DELETE CASCADE;


--
-- Name: asistencia asistencia_id_profesor_fkey; Type: FK CONSTRAINT; Schema: public; Owner: postgres
--

ALTER TABLE ONLY public.asistencia
    ADD CONSTRAINT asistencia_id_profesor_fkey FOREIGN KEY (id_profesor) REFERENCES public.profesor(id_profesor) ON DELETE CASCADE;


--
-- Name: asistencia asistencia_id_qr_fkey; Type: FK CONSTRAINT; Schema: public; Owner: postgres
--

ALTER TABLE ONLY public.asistencia
    ADD CONSTRAINT asistencia_id_qr_fkey FOREIGN KEY (id_qr) REFERENCES public.qr(id_qr) ON DELETE CASCADE;


--
-- Name: coordinador coordinador_id_carrera_fkey; Type: FK CONSTRAINT; Schema: public; Owner: postgres
--

ALTER TABLE ONLY public.coordinador
    ADD CONSTRAINT coordinador_id_carrera_fkey FOREIGN KEY (id_carrera) REFERENCES public.carrera(id_carrera) ON DELETE CASCADE;


--
-- Name: coordinador coordinador_id_usuario_rol_fkey; Type: FK CONSTRAINT; Schema: public; Owner: postgres
--

ALTER TABLE ONLY public.coordinador
    ADD CONSTRAINT coordinador_id_usuario_rol_fkey FOREIGN KEY (id_usuario_rol) REFERENCES public.usuario_rol(id_usuario_rol) ON DELETE CASCADE;



--
-- Name: horario horario_id_asignatura_profesor_fkey; Type: FK CONSTRAINT; Schema: public; Owner: postgres
--

ALTER TABLE ONLY public.horario
    ADD CONSTRAINT horario_id_asignatura_profesor_fkey FOREIGN KEY (id_asignatura_profesor) REFERENCES public.asignatura_profesor(id_asignatura_profesor) ON DELETE CASCADE;


--
-- Name: horas horas_id_periodo_fkey; Type: FK CONSTRAINT; Schema: public; Owner: postgres
--

ALTER TABLE ONLY public.horas
    ADD CONSTRAINT horas_id_periodo_fkey FOREIGN KEY (id_periodo) REFERENCES public.periodo(id_periodo) ON DELETE CASCADE;


--
-- Name: horas horas_id_profesor_carrera_fkey; Type: FK CONSTRAINT; Schema: public; Owner: postgres
--

ALTER TABLE ONLY public.horas
    ADD CONSTRAINT horas_id_profesor_carrera_fkey FOREIGN KEY (id_profesor_carrera) REFERENCES public.profesor_carrera(id_profesor_carrera) ON DELETE CASCADE;


--
-- Name: justificativo justificativo_id_asistencia_fkey; Type: FK CONSTRAINT; Schema: public; Owner: postgres
--

ALTER TABLE ONLY public.justificativo
    ADD CONSTRAINT justificativo_id_asistencia_fkey FOREIGN KEY (id_asistencia) REFERENCES public.asistencia(id_asistencia) ON DELETE CASCADE;



--
-- Name: profesor_carrera profesor_carrera_id_carrera_fkey; Type: FK CONSTRAINT; Schema: public; Owner: postgres
--

ALTER TABLE ONLY public.profesor_carrera
    ADD CONSTRAINT profesor_carrera_id_carrera_fkey FOREIGN KEY (id_carrera) REFERENCES public.carrera(id_carrera) ON DELETE CASCADE;


--
-- Name: profesor_carrera profesor_carrera_id_profesor_fkey; Type: FK CONSTRAINT; Schema: public; Owner: postgres
--

ALTER TABLE ONLY public.profesor_carrera
    ADD CONSTRAINT profesor_carrera_id_profesor_fkey FOREIGN KEY (id_profesor) REFERENCES public.profesor(id_profesor) ON DELETE CASCADE;


--
-- Name: profesor profesor_id_usuario_rol_fkey; Type: FK CONSTRAINT; Schema: public; Owner: postgres
--

ALTER TABLE ONLY public.profesor
    ADD CONSTRAINT profesor_id_usuario_rol_fkey FOREIGN KEY (id_usuario_rol) REFERENCES public.usuario_rol(id_usuario_rol) ON DELETE CASCADE;


--
-- Name: qr qr_id_coordinador_fkey; Type: FK CONSTRAINT; Schema: public; Owner: postgres
--

ALTER TABLE ONLY public.qr
    ADD CONSTRAINT qr_id_coordinador_fkey FOREIGN KEY (id_coordinador) REFERENCES public.coordinador(id_coordinador) ON DELETE CASCADE;


--
-- Name: qr qr_id_profesor_fkey; Type: FK CONSTRAINT; Schema: public; Owner: postgres
--

ALTER TABLE ONLY public.qr
    ADD CONSTRAINT qr_id_profesor_fkey FOREIGN KEY (id_profesor) REFERENCES public.profesor(id_profesor) ON DELETE CASCADE;


--
-- Name: usuario_rol usuario_rol_id_rol_fkey; Type: FK CONSTRAINT; Schema: public; Owner: postgres
--

ALTER TABLE ONLY public.usuario_rol
    ADD CONSTRAINT usuario_rol_id_rol_fkey FOREIGN KEY (id_rol) REFERENCES public.rol(id_rol) ON DELETE CASCADE;


--
-- Name: usuario_rol usuario_rol_id_usuario_fkey; Type: FK CONSTRAINT; Schema: public; Owner: postgres
--

ALTER TABLE ONLY public.usuario_rol
    ADD CONSTRAINT usuario_rol_id_usuario_fkey FOREIGN KEY (id_usuario) REFERENCES public.usuario(id_usuario) ON DELETE CASCADE;


--
-- PostgreSQL database dump complete
--

-- \unrestrict Pg1zuY8l88DpnDzucm4BnB8ayQuu97SXyYu1yiSvqIg3C8NdiSv5ew1CjXvqMbD


--
-- Indexes para llaves foraneas (Mejora de rendimiento)
--

CREATE INDEX idx_asignatura_id_carrera ON public.asignatura USING btree (id_carrera);
CREATE INDEX idx_asignatura_profesor_id_asignatura ON public.asignatura_profesor USING btree (id_asignatura);
CREATE INDEX idx_asignatura_profesor_id_profesor ON public.asignatura_profesor USING btree (id_profesor);
CREATE INDEX idx_asistencia_id_horario ON public.asistencia USING btree (id_horario);
CREATE INDEX idx_asistencia_id_profesor ON public.asistencia USING btree (id_profesor);
CREATE INDEX idx_asistencia_id_qr ON public.asistencia USING btree (id_qr);
CREATE INDEX idx_coordinador_id_carrera ON public.coordinador USING btree (id_carrera);
CREATE INDEX idx_coordinador_id_usuario_rol ON public.coordinador USING btree (id_usuario_rol);

CREATE INDEX idx_horario_id_asignatura_profesor ON public.horario USING btree (id_asignatura_profesor);
CREATE INDEX idx_horas_id_periodo ON public.horas USING btree (id_periodo);
CREATE INDEX idx_horas_id_profesor_carrera ON public.horas USING btree (id_profesor_carrera);
CREATE INDEX idx_justificativo_id_asistencia ON public.justificativo USING btree (id_asistencia);

CREATE INDEX idx_profesor_carrera_id_carrera ON public.profesor_carrera USING btree (id_carrera);
CREATE INDEX idx_profesor_carrera_id_profesor ON public.profesor_carrera USING btree (id_profesor);
CREATE INDEX idx_profesor_id_usuario_rol ON public.profesor USING btree (id_usuario_rol);
CREATE INDEX idx_qr_id_coordinador ON public.qr USING btree (id_coordinador);
CREATE INDEX idx_qr_id_profesor ON public.qr USING btree (id_profesor);
CREATE INDEX idx_usuario_correo ON public.usuario USING btree (correo);
CREATE INDEX idx_usuario_rol_id_rol ON public.usuario_rol USING btree (id_rol);
CREATE INDEX idx_usuario_rol_id_usuario ON public.usuario_rol USING btree (id_usuario);
